Objective,Activity Code,Activity Name,Sub-Activities,Start Month,End Month,Duration (Days),Resources Required,Resource Quantity,Responsible Person,Dependent On,Deliverable,Success Metric
Objective 1: OCR Module Development,1.1,Data Collection,"Collect 1000+ medical reports; Anonymize patient data; Categorize by report types",1,1,21,OCR Scanner; NAS Storage; Data Entry Personnel,2 scanners + 1 NAS + 2 persons,Data Manager,None,Anonymized dataset of 1000+ medical reports,Dataset completeness >95%
Objective 1: OCR Module Development,1.2,OCR Engine Setup,"Configure Tesseract OCR; Integrate Azure OCR API; Build preprocessing pipeline",1,2,14,Development Workstation; Azure Cognitive Services; Python Developer,1 workstation + 1 developer,ML Engineer,1.1,OCR preprocessing pipeline,OCR text extraction >98%
Objective 1: OCR Module Development,1.3,Medical NER Model,"Train BiLSTM-CRF model; Fine-tune on medical entities; Validate accuracy",2,3,28,GPU Server; AWS EC2 instances; PyTorch; NLP Specialist,1 GPU server + p3.8xlarge + 1 specialist,NLP Researcher,1.2,Trained medical NER model,Entity extraction accuracy >94.5%
Objective 1: OCR Module Development,1.4,Integration & Testing,"Build API endpoints; Create test suite; Performance optimization",3,3,21,Development Laptop; Testing environment; QA Engineer,1 laptop + 1 QA engineer,Backend Developer,1.3,OCR API with documentation,API response time <300ms

Objective 2: Federated Learning Framework,2.1,FL Architecture Design,"Design FedAvg protocol; Plan differential privacy (ε=0.5); Define communication protocol",3,3,14,Development Workstation; MATLAB; Architecture tools,1 workstation + 1 MATLAB license,System Architect,None,FL architecture document,Architecture review approved
Objective 2: Federated Learning Framework,2.2,Hospital Node Setup,"Create 4 virtual hospital nodes; Generate synthetic patient data; Configure local training",3,4,21,GPU Server (4 partitions); Docker containers; MongoDB,1 GPU server + 4 containers + 4 DB instances,DevOps Engineer,2.1,4 functional hospital nodes,Nodes operational and communicating
Objective 2: Federated Learning Framework,2.3,Global Model Training,"Implement secure aggregation; Add differential privacy; Multi-round training (10-20 rounds)",4,6,35,AWS p3.8xlarge; PySyft; TensorFlow/PyTorch; ML Engineers,2 EC2 instances + 2 ML engineers,FL Engineer,2.2,Trained global FL model,Global accuracy >92.5%
Objective 2: Federated Learning Framework,2.4,Privacy & Security,"Implement encryption; Privacy audit; Security testing",5,6,14,Security tools; Penetration testing; Security Consultant,1 consultant,Security Analyst,2.3,Security audit report,Privacy budget ε=0.5 verified
Objective 2: Federated Learning Framework,2.5,Validation,"Accuracy testing (>92%); Privacy verification; Performance benchmarking",6,6,14,Testing infrastructure; QA team,2 QA engineers,QA Lead,2.4,FL validation report,All metrics meet targets

Objective 3: Agentic AI System,3.1,Agent Architecture,"Design 5 specialized agents; Define inter-agent protocol; Create communication framework",5,5,21,Development Workstation; UML/Design tools,1 workstation,Solution Architect,1.4,Agent architecture document,Architecture approved
Objective 3: Agentic AI System,3.2,Medical Report Agent,"Build OCR processing logic; Entity extraction module; Confidence scoring",5,6,21,GPU Workstation; Python/FastAPI; Developer,1 workstation + 1 developer,Agent Dev 1,3.1,Medical Report Agent API,Entity extraction >94%
Objective 3: Agentic AI System,3.3,Risk Assessment Agent,"Develop risk scoring algorithm; Pattern recognition model; Trend analysis engine",5,6,21,ML Infrastructure; scikit-learn/PyTorch; Data Scientist,1 infrastructure + 1 data scientist,Agent Dev 2,3.1,Risk Assessment Agent API,Risk prediction accuracy >92.8%
Objective 3: Agentic AI System,3.4,Food Analysis Agent,"Train food recognition CNN; GI/GL calculation module; Portion estimation",6,7,28,GPU Server; Food image dataset (5000+); EfficientNet; CV Engineer,1 GPU server + 1 CV engineer,Agent Dev 3,3.1,Food Analysis Agent API,Food recognition >91.2%
Objective 3: Agentic AI System,3.5,Diet Planner Agent,"Optimization algorithm; Constraint solver; Personalization engine",6,7,21,Development laptop; OR-Tools/PuLP; Algorithm Engineer,1 laptop + 1 engineer,Agent Dev 4,3.3,Diet Planner Agent API,Diet satisfaction >4.0/5.0
Objective 3: Agentic AI System,3.6,Health Coach Agent,"NLP chatbot development; Intent recognition; Response generation",6,7,21,Development laptop; SpaCy/Transformers; NLP Engineer,1 laptop + 1 NLP engineer,Agent Dev 5,3.1,Health Coach Agent API,Intent accuracy >93.5%
Objective 3: Agentic AI System,3.7,Integration,"Agent orchestration; API gateway; End-to-end testing",7,8,14,Full infrastructure; Integration team,3 integration engineers,Integration Lead,3.2-3.6,Integrated agent system,End-to-end workflow functional

Objective 4: Food Intelligence System,4.1,Dataset Creation,"Collect 5000+ Indian food images; Label 50 food categories; Nutritional data mapping",7,8,28,iPad Pro; Labeling tools; Data team,3 iPads + 3 data personnel,Data Manager,None,Food image dataset (5000+ images),Dataset quality >95%
Objective 4: Food Intelligence System,4.2,CNN Model Training,"EfficientNet-B3 fine-tuning; Transfer learning; Hyperparameter optimization",8,9,28,GPU Server (A100); PyTorch/TensorFlow; ML Engineer,1 A100 GPU + 1 ML engineer,CV Researcher,4.1,Trained food recognition model,Top-1 accuracy >91.2%
Objective 4: Food Intelligence System,4.3,GI/GL Calculation,"Build nutritional database; GI/GL estimation algorithms; Portion size detection",8,9,21,Database server; MongoDB; Nutritionist; Developer,1 DB server + 1 nutritionist + 1 developer,Backend Dev,4.1,Nutritional calculation engine,GI/GL accuracy ±5%
Objective 4: Food Intelligence System,4.4,NLP Food Parser,"Train NLP model for text input; Household measure parser; Multi-language support",9,9,21,Development laptop; SpaCy/BERT; NLP Engineer,1 laptop + 1 NLP engineer,NLP Dev,4.3,NLP food parsing module,Parsing accuracy >90%
Objective 4: Food Intelligence System,4.5,Testing & Validation,"Accuracy testing (>91%); Real-world validation; User acceptance testing",9,9,14,Testing devices; QA team; Beta testers,Multiple devices + 2 QA + 10 testers,QA Lead,4.2-4.4,Food intelligence validation report,All metrics meet targets

Objective 5: Web Application & UI,5.1,UI/UX Design,"Wireframing (12 modules); User flow design; Accessibility compliance",8,9,21,Adobe Creative Cloud; Figma; UI/UX Designers,2 licenses + 2 designers,Design Lead,3.7,UI/UX design mockups,Accessibility score >90%
Objective 5: Web Application & UI,5.2,Frontend Development,"React.js implementation; Responsive design; Interactive visualizations",9,10,35,Development laptops; VS Code/WebStorm; Frontend Devs,3 laptops + 3 developers,Frontend Lead,5.1,Frontend application,All 12 modules functional
Objective 5: Web Application & UI,5.3,Backend API,"FastAPI/Node.js backend; RESTful API design; Database integration",9,10,28,Development workstation; MongoDB/PostgreSQL; Backend Devs,1 workstation + 2 developers,Backend Lead,3.7,Backend API,API coverage >95%
Objective 5: Web Application & UI,5.4,Integration,"Connect all 5 AI agents; TRL-4 integration bar; Pipeline orchestration",10,11,21,Full infrastructure; Integration team,3 integration engineers,Integration Lead,5.2-5.3,Integrated web application,All modules connected
Objective 5: Web Application & UI,5.5,Testing,"Cross-browser testing; Performance testing; Security audit",11,11,21,Testing devices; QA team; Security tools,Multiple devices + 3 QA engineers,QA Manager,5.4,Testing report,>99% uptime; <500ms response
Objective 5: Web Application & UI,5.6,Deployment,"AWS/Azure deployment; CDN configuration; Monitoring setup",11,11,14,Cloud services; DevOps tools; DevOps Engineer,AWS/Azure + 1 DevOps engineer,DevOps Lead,5.5,Deployed application,Application live and monitored

Objective 6: Documentation & Dissemination,6.1,Technical Documentation,"API documentation; Architecture guide; Developer manual",10,11,28,Documentation tools; Technical Writer,1 technical writer,Tech Writer,5.4,Complete technical documentation,Documentation completeness >95%
Objective 6: Documentation & Dissemination,6.2,Research Papers,"Write 3-4 conference papers; Journal article drafts; Patent documentation",10,12,42,Research team; Academic writing tools; Senior Researchers,2 senior researchers,Principal Investigator,All objectives,3-4 research papers,Papers submitted to conferences
Objective 6: Documentation & Dissemination,6.3,User Guides,"End-user manual; Video tutorials; FAQs",11,11,21,Video equipment; Editing software; Content team,2 content creators,Content Lead,5.6,User documentation package,User satisfaction >4.0/5.0
Objective 6: Documentation & Dissemination,6.4,Conference Presentations,"Prepare presentations; Attend 2-3 conferences; Poster presentations",11,12,21,Travel budget; Conference fees; Presentation materials,PI + 2-3 team members,Principal Investigator,6.2,Conference presentations,2-3 conferences attended
Objective 6: Documentation & Dissemination,6.5,Demo Preparation,"Live demo refinement; Stakeholder presentations; Funding pitch materials",11,12,14,Demo environment; Presentation team,2 presentation team members,Marketing Lead,5.6,Demo package,Stakeholder demo completed

MILESTONES,M1,OCR Module Complete,OCR API functional with >94.5% accuracy,3,3,0,All Objective 1 resources,As per Obj 1,NLP Researcher,1.4,OCR module release v1.0,Accuracy validated
MILESTONES,M2,FL Framework Complete,Federated learning with ε=0.5 privacy,6,6,0,All Objective 2 resources,As per Obj 2,FL Engineer,2.5,FL framework release v1.0,Privacy and accuracy validated
MILESTONES,M3,Agent System Complete,5 agents integrated and functional,8,8,0,All Objective 3 resources,As per Obj 3,Integration Lead,3.7,Agent system release v1.0,All agents operational
MILESTONES,M4,Food AI Complete,Food intelligence with >91% accuracy,9,9,0,All Objective 4 resources,As per Obj 4,CV Researcher,4.5,Food AI release v1.0,Accuracy validated
MILESTONES,M5,Web App Complete,Full application deployed and live,11,11,0,All Objective 5 resources,As per Obj 5,DevOps Lead,5.6,Web application v1.0,Application live
MILESTONES,M6,Project Complete,All deliverables and documentation done,12,12,0,All project resources,Full team,Principal Investigator,6.5,Final project report,All objectives met
